timestamp,agent,message
2024-11-15 00:00:00,ForecastAgent,"Projected inflow avg 973.6 m³/h, price avg 0.34 €/kWh"
2024-11-15 00:00:00,PlannerAgent,Optimized outflow 1400.0 m³/h with horizon 24
2024-11-15 00:00:00,SafetyAgent,Adjusted commands to respect safety margins
2024-11-15 00:15:00,ForecastAgent,"Projected inflow avg 932.9 m³/h, price avg 0.37 €/kWh"
2024-11-15 00:15:00,PlannerAgent,Optimized outflow 1400.0 m³/h with horizon 24
2024-11-15 00:15:00,SafetyAgent,Adjusted commands to respect safety margins
2024-11-15 00:30:00,ForecastAgent,"Projected inflow avg 890.0 m³/h, price avg 0.39 €/kWh"
2024-11-15 00:30:00,PlannerAgent,Optimized outflow 1400.0 m³/h with horizon 24
2024-11-15 00:30:00,SafetyAgent,Adjusted commands to respect safety margins
2024-11-15 00:45:00,ForecastAgent,"Projected inflow avg 847.0 m³/h, price avg 0.41 €/kWh"
2024-11-15 00:45:00,PlannerAgent,Optimized outflow 1400.0 m³/h with horizon 24
2024-11-15 00:45:00,SafetyAgent,Adjusted commands to respect safety margins
2024-11-15 01:00:00,ForecastAgent,"Projected inflow avg 803.8 m³/h, price avg 0.56 €/kWh"
2024-11-15 01:00:00,PlannerAgent,Optimized outflow 1400.0 m³/h with horizon 24
2024-11-15 01:00:00,SafetyAgent,Adjusted commands to respect safety margins
2024-11-15 01:15:00,SafetyAgent,Adjusted commands to respect safety margins
2024-11-15 01:15:00,PlannerAgent,Optimized outflow 1400.0 m³/h with horizon 24
2024-11-15 01:15:00,ForecastAgent,"Projected inflow avg 765.1 m³/h, price avg 0.70 €/kWh"
2024-11-15 01:30:00,ForecastAgent,"Projected inflow avg 727.9 m³/h, price avg 0.84 €/kWh"
2024-11-15 01:30:00,PlannerAgent,Optimized outflow 1400.0 m³/h with horizon 24
2024-11-15 01:30:00,SafetyAgent,Adjusted commands to respect safety margins
2024-11-15 01:45:00,ForecastAgent,"Projected inflow avg 691.3 m³/h, price avg 0.99 €/kWh"
2024-11-15 01:45:00,PlannerAgent,Optimized outflow 1400.0 m³/h with horizon 24
2024-11-15 01:45:00,SafetyAgent,Adjusted commands to respect safety margins
2024-11-15 02:00:00,SafetyAgent,Adjusted commands to respect safety margins
2024-11-15 02:00:00,PlannerAgent,Optimized outflow 1400.0 m³/h with horizon 24
2024-11-15 02:00:00,ForecastAgent,"Projected inflow avg 664.6 m³/h, price avg 1.20 €/kWh"
2024-11-15 02:15:00,ForecastAgent,"Projected inflow avg 640.1 m³/h, price avg 1.41 €/kWh"
2024-11-15 02:15:00,PlannerAgent,Optimized outflow 1400.0 m³/h with horizon 24
2024-11-15 02:15:00,SafetyAgent,Adjusted commands to respect safety margins
2024-11-15 02:30:00,ForecastAgent,"Projected inflow avg 614.9 m³/h, price avg 1.63 €/kWh"
2024-11-15 02:30:00,PlannerAgent,Optimized outflow 1400.0 m³/h with horizon 24
2024-11-15 02:30:00,SafetyAgent,Adjusted commands to respect safety margins
2024-11-15 02:45:00,SafetyAgent,Adjusted commands to respect safety margins
2024-11-15 02:45:00,PlannerAgent,Optimized outflow 1400.0 m³/h with horizon 24
2024-11-15 02:45:00,ForecastAgent,"Projected inflow avg 593.1 m³/h, price avg 1.84 €/kWh"
2024-11-15 03:00:00,ForecastAgent,"Projected inflow avg 580.9 m³/h, price avg 2.00 €/kWh"
2024-11-15 03:00:00,PlannerAgent,Optimized outflow 1400.0 m³/h with horizon 24
2024-11-15 03:00:00,SafetyAgent,Adjusted commands to respect safety margins
2024-11-15 03:15:00,ForecastAgent,"Projected inflow avg 572.4 m³/h, price avg 2.16 €/kWh"
2024-11-15 03:15:00,PlannerAgent,Optimized outflow 1400.0 m³/h with horizon 24
2024-11-15 03:15:00,SafetyAgent,Adjusted commands to respect safety margins
2024-11-15 03:30:00,SafetyAgent,Adjusted commands to respect safety margins
2024-11-15 03:30:00,PlannerAgent,Optimized outflow 1400.0 m³/h with horizon 24
2024-11-15 03:30:00,ForecastAgent,"Projected inflow avg 566.3 m³/h, price avg 2.32 €/kWh"
2024-11-15 03:45:00,ForecastAgent,"Projected inflow avg 564.0 m³/h, price avg 2.48 €/kWh"
2024-11-15 03:45:00,PlannerAgent,Optimized outflow 1400.0 m³/h with horizon 24
2024-11-15 03:45:00,SafetyAgent,Adjusted commands to respect safety margins
2024-11-15 04:00:00,ForecastAgent,"Projected inflow avg 567.7 m³/h, price avg 2.52 €/kWh"
2024-11-15 04:00:00,PlannerAgent,Optimized outflow 1400.0 m³/h with horizon 24
2024-11-15 04:00:00,SafetyAgent,Adjusted commands to respect safety margins
2024-11-15 04:15:00,SafetyAgent,Adjusted commands to respect safety margins
2024-11-15 04:15:00,PlannerAgent,Optimized outflow 1400.0 m³/h with horizon 24
2024-11-15 04:15:00,ForecastAgent,"Projected inflow avg 575.0 m³/h, price avg 2.55 €/kWh"
2024-11-15 04:30:00,ForecastAgent,"Projected inflow avg 584.2 m³/h, price avg 2.58 €/kWh"
2024-11-15 04:30:00,PlannerAgent,Optimized outflow 1400.0 m³/h with horizon 24
2024-11-15 04:30:00,SafetyAgent,Adjusted commands to respect safety margins
2024-11-15 04:45:00,ForecastAgent,"Projected inflow avg 594.9 m³/h, price avg 2.62 €/kWh"
2024-11-15 04:45:00,PlannerAgent,Optimized outflow 1400.0 m³/h with horizon 24
2024-11-15 04:45:00,SafetyAgent,Adjusted commands to respect safety margins
2024-11-15 05:00:00,SafetyAgent,Adjusted commands to respect safety margins
2024-11-15 05:00:00,PlannerAgent,Optimized outflow 1400.0 m³/h with horizon 24
2024-11-15 05:00:00,ForecastAgent,"Projected inflow avg 609.2 m³/h, price avg 2.65 €/kWh"
2024-11-15 05:15:00,ForecastAgent,"Projected inflow avg 632.0 m³/h, price avg 2.69 €/kWh"
2024-11-15 05:15:00,PlannerAgent,Optimized outflow 1400.0 m³/h with horizon 24
2024-11-15 05:15:00,SafetyAgent,Adjusted commands to respect safety margins
2024-11-15 05:30:00,ForecastAgent,"Projected inflow avg 652.2 m³/h, price avg 2.73 €/kWh"
2024-11-15 05:30:00,PlannerAgent,Optimized outflow 1400.0 m³/h with horizon 24
2024-11-15 05:30:00,SafetyAgent,Adjusted commands to respect safety margins
2024-11-15 05:45:00,SafetyAgent,Adjusted commands to respect safety margins
2024-11-15 05:45:00,PlannerAgent,Optimized outflow 1400.0 m³/h with horizon 24
2024-11-15 05:45:00,ForecastAgent,"Projected inflow avg 677.5 m³/h, price avg 2.77 €/kWh"
2024-11-15 06:00:00,ForecastAgent,"Projected inflow avg 702.9 m³/h, price avg 2.76 €/kWh"
2024-11-15 06:00:00,PlannerAgent,Optimized outflow 1400.0 m³/h with horizon 24
2024-11-15 06:00:00,SafetyAgent,Adjusted commands to respect safety margins
2024-11-15 06:15:00,ForecastAgent,"Projected inflow avg 733.2 m³/h, price avg 2.75 €/kWh"
2024-11-15 06:15:00,PlannerAgent,Optimized outflow 1400.0 m³/h with horizon 24
2024-11-15 06:15:00,SafetyAgent,Adjusted commands to respect safety margins
2024-11-15 06:30:00,SafetyAgent,Adjusted commands to respect safety margins
2024-11-15 06:30:00,PlannerAgent,Optimized outflow 1400.0 m³/h with horizon 24
2024-11-15 06:30:00,ForecastAgent,"Projected inflow avg 767.8 m³/h, price avg 2.74 €/kWh"
2024-11-15 06:45:00,ForecastAgent,"Projected inflow avg 804.4 m³/h, price avg 2.73 €/kWh"
2024-11-15 06:45:00,PlannerAgent,Optimized outflow 1400.0 m³/h with horizon 24
2024-11-15 06:45:00,SafetyAgent,Adjusted commands to respect safety margins
2024-11-15 07:00:00,ForecastAgent,"Projected inflow avg 842.7 m³/h, price avg 2.59 €/kWh"
2024-11-15 07:00:00,PlannerAgent,Optimized outflow 1400.0 m³/h with horizon 24
2024-11-15 07:00:00,SafetyAgent,Adjusted commands to respect safety margins
2024-11-15 07:15:00,SafetyAgent,Adjusted commands to respect safety margins
2024-11-15 07:15:00,PlannerAgent,Optimized outflow 1400.0 m³/h with horizon 24
2024-11-15 07:15:00,ForecastAgent,"Projected inflow avg 877.2 m³/h, price avg 2.45 €/kWh"
2024-11-15 07:30:00,ForecastAgent,"Projected inflow avg 911.8 m³/h, price avg 2.31 €/kWh"
2024-11-15 07:30:00,PlannerAgent,Optimized outflow 1400.0 m³/h with horizon 24
2024-11-15 07:30:00,SafetyAgent,Adjusted commands to respect safety margins
2024-11-15 07:45:00,ForecastAgent,"Projected inflow avg 945.8 m³/h, price avg 2.17 €/kWh"
2024-11-15 07:45:00,PlannerAgent,Optimized outflow 1400.0 m³/h with horizon 24
2024-11-15 07:45:00,SafetyAgent,Adjusted commands to respect safety margins
2024-11-15 08:00:00,SafetyAgent,Adjusted commands to respect safety margins
2024-11-15 08:00:00,PlannerAgent,Optimized outflow 1400.0 m³/h with horizon 24
2024-11-15 08:00:00,ForecastAgent,"Projected inflow avg 970.9 m³/h, price avg 1.96 €/kWh"
2024-11-15 08:15:00,ForecastAgent,"Projected inflow avg 994.3 m³/h, price avg 1.75 €/kWh"
2024-11-15 08:15:00,PlannerAgent,Optimized outflow 1400.0 m³/h with horizon 24
2024-11-15 08:15:00,SafetyAgent,Adjusted commands to respect safety margins
2024-11-15 08:30:00,ForecastAgent,"Projected inflow avg 1021.6 m³/h, price avg 1.54 €/kWh"
2024-11-15 08:30:00,PlannerAgent,Optimized outflow 1400.0 m³/h with horizon 24
2024-11-15 08:30:00,SafetyAgent,Adjusted commands to respect safety margins
2024-11-15 08:45:00,SafetyAgent,Adjusted commands to respect safety margins
2024-11-15 08:45:00,PlannerAgent,Optimized outflow 1400.0 m³/h with horizon 24
2024-11-15 08:45:00,ForecastAgent,"Projected inflow avg 1047.9 m³/h, price avg 1.33 €/kWh"
2024-11-15 09:00:00,ForecastAgent,"Projected inflow avg 1067.9 m³/h, price avg 1.18 €/kWh"
2024-11-15 09:00:00,PlannerAgent,Optimized outflow 1400.0 m³/h with horizon 24
2024-11-15 09:00:00,SafetyAgent,Adjusted commands to respect safety margins
2024-11-15 09:15:00,ForecastAgent,"Projected inflow avg 1082.7 m³/h, price avg 1.02 €/kWh"
2024-11-15 09:15:00,PlannerAgent,Optimized outflow 1400.0 m³/h with horizon 24
2024-11-15 09:15:00,SafetyAgent,Adjusted commands to respect safety margins
2024-11-15 09:30:00,SafetyAgent,Adjusted commands to respect safety margins
2024-11-15 09:30:00,PlannerAgent,Optimized outflow 1400.0 m³/h with horizon 24
2024-11-15 09:30:00,ForecastAgent,"Projected inflow avg 1085.9 m³/h, price avg 0.87 €/kWh"
2024-11-15 09:45:00,ForecastAgent,"Projected inflow avg 1110.1 m³/h, price avg 0.72 €/kWh"
2024-11-15 09:45:00,PlannerAgent,Optimized outflow 1400.0 m³/h with horizon 24
2024-11-15 09:45:00,SafetyAgent,Adjusted commands to respect safety margins
2024-11-15 10:00:00,ForecastAgent,"Projected inflow avg 1125.3 m³/h, price avg 0.71 €/kWh"
2024-11-15 10:00:00,PlannerAgent,Optimized outflow 1400.0 m³/h with horizon 24
2024-11-15 10:00:00,SafetyAgent,Adjusted commands to respect safety margins
2024-11-15 10:15:00,SafetyAgent,Adjusted commands to respect safety margins
2024-11-15 10:15:00,PlannerAgent,Optimized outflow 1400.0 m³/h with horizon 24
2024-11-15 10:15:00,ForecastAgent,"Projected inflow avg 1134.1 m³/h, price avg 0.70 €/kWh"
2024-11-15 10:30:00,ForecastAgent,"Projected inflow avg 1142.8 m³/h, price avg 0.68 €/kWh"
2024-11-15 10:30:00,PlannerAgent,Optimized outflow 1400.0 m³/h with horizon 24
2024-11-15 10:30:00,SafetyAgent,Adjusted commands to respect safety margins
2024-11-15 10:45:00,ForecastAgent,"Projected inflow avg 1151.4 m³/h, price avg 0.67 €/kWh"
2024-11-15 10:45:00,PlannerAgent,Optimized outflow 1400.0 m³/h with horizon 24
2024-11-15 10:45:00,SafetyAgent,Adjusted commands to respect safety margins
2024-11-15 11:00:00,SafetyAgent,Adjusted commands to respect safety margins
2024-11-15 11:00:00,PlannerAgent,Optimized outflow 1400.0 m³/h with horizon 24
2024-11-15 11:00:00,ForecastAgent,"Projected inflow avg 1157.0 m³/h, price avg 0.66 €/kWh"
2024-11-15 11:15:00,ForecastAgent,"Projected inflow avg 1156.0 m³/h, price avg 0.64 €/kWh"
2024-11-15 11:15:00,PlannerAgent,Optimized outflow 1400.0 m³/h with horizon 24
2024-11-15 11:15:00,SafetyAgent,Adjusted commands to respect safety margins
2024-11-15 11:30:00,ForecastAgent,"Projected inflow avg 1158.9 m³/h, price avg 0.62 €/kWh"
2024-11-15 11:30:00,PlannerAgent,Optimized outflow 1400.0 m³/h with horizon 24
2024-11-15 11:30:00,SafetyAgent,Adjusted commands to respect safety margins
2024-11-15 11:45:00,PlannerAgent,Optimized outflow 1400.0 m³/h with horizon 24
2024-11-15 11:45:00,SafetyAgent,Adjusted commands to respect safety margins
2024-11-15 11:45:00,ForecastAgent,"Projected inflow avg 1157.9 m³/h, price avg 0.61 €/kWh"
2024-11-15 12:00:00,ForecastAgent,"Projected inflow avg 1156.8 m³/h, price avg 0.78 €/kWh"
2024-11-15 12:00:00,PlannerAgent,Optimized outflow 1400.0 m³/h with horizon 24
2024-11-15 12:00:00,SafetyAgent,Adjusted commands to respect safety margins
2024-11-15 12:15:00,ForecastAgent,"Projected inflow avg 1153.6 m³/h, price avg 0.95 €/kWh"
2024-11-15 12:15:00,PlannerAgent,Optimized outflow 1400.0 m³/h with horizon 24
2024-11-15 12:15:00,SafetyAgent,Adjusted commands to respect safety margins
2024-11-15 12:30:00,SafetyAgent,Adjusted commands to respect safety margins
2024-11-15 12:30:00,PlannerAgent,Optimized outflow 1400.0 m³/h with horizon 24
2024-11-15 12:30:00,ForecastAgent,"Projected inflow avg 1149.1 m³/h, price avg 1.12 €/kWh"
2024-11-15 12:45:00,ForecastAgent,"Projected inflow avg 1143.4 m³/h, price avg 1.29 €/kWh"
2024-11-15 12:45:00,PlannerAgent,Optimized outflow 1400.0 m³/h with horizon 24
2024-11-15 12:45:00,SafetyAgent,Adjusted commands to respect safety margins
2024-11-15 13:00:00,ForecastAgent,"Projected inflow avg 1138.8 m³/h, price avg 1.84 €/kWh"
2024-11-15 13:00:00,PlannerAgent,Optimized outflow 1400.0 m³/h with horizon 24
2024-11-15 13:00:00,SafetyAgent,Adjusted commands to respect safety margins
2024-11-15 13:15:00,SafetyAgent,Adjusted commands to respect safety margins
2024-11-15 13:15:00,PlannerAgent,Optimized outflow 1400.0 m³/h with horizon 24
2024-11-15 13:15:00,ForecastAgent,"Projected inflow avg 1135.6 m³/h, price avg 2.39 €/kWh"
2024-11-15 13:30:00,ForecastAgent,"Projected inflow avg 1133.7 m³/h, price avg 2.94 €/kWh"
2024-11-15 13:30:00,PlannerAgent,Optimized outflow 1400.0 m³/h with horizon 24
2024-11-15 13:30:00,SafetyAgent,Adjusted commands to respect safety margins
2024-11-15 13:45:00,ForecastAgent,"Projected inflow avg 1131.4 m³/h, price avg 3.49 €/kWh"
2024-11-15 13:45:00,PlannerAgent,Optimized outflow 1400.0 m³/h with horizon 24
2024-11-15 13:45:00,SafetyAgent,Adjusted commands to respect safety margins
2024-11-15 14:00:00,SafetyAgent,Adjusted commands to respect safety margins
2024-11-15 14:00:00,PlannerAgent,Optimized outflow 1400.0 m³/h with horizon 24
2024-11-15 14:00:00,ForecastAgent,"Projected inflow avg 1130.5 m³/h, price avg 4.19 €/kWh"
2024-11-15 14:15:00,ForecastAgent,"Projected inflow avg 1131.5 m³/h, price avg 4.90 €/kWh"
2024-11-15 14:15:00,PlannerAgent,Optimized outflow 1400.0 m³/h with horizon 24
2024-11-15 14:15:00,SafetyAgent,Adjusted commands to respect safety margins
2024-11-15 14:30:00,ForecastAgent,"Projected inflow avg 1132.7 m³/h, price avg 5.61 €/kWh"
2024-11-15 14:30:00,PlannerAgent,Optimized outflow 1400.0 m³/h with horizon 24
2024-11-15 14:30:00,SafetyAgent,Adjusted commands to respect safety margins
2024-11-15 14:45:00,SafetyAgent,Adjusted commands to respect safety margins
2024-11-15 14:45:00,PlannerAgent,Optimized outflow 1400.0 m³/h with horizon 24
2024-11-15 14:45:00,ForecastAgent,"Projected inflow avg 1133.2 m³/h, price avg 6.31 €/kWh"
2024-11-15 15:00:00,ForecastAgent,"Projected inflow avg 1133.8 m³/h, price avg 6.65 €/kWh"
2024-11-15 15:00:00,PlannerAgent,Optimized outflow 1400.0 m³/h with horizon 24
2024-11-15 15:00:00,SafetyAgent,Adjusted commands to respect safety margins
2024-11-15 15:15:00,ForecastAgent,"Projected inflow avg 1138.3 m³/h, price avg 6.99 €/kWh"
2024-11-15 15:15:00,PlannerAgent,Optimized outflow 1400.0 m³/h with horizon 24
2024-11-15 15:15:00,SafetyAgent,Adjusted commands to respect safety margins
2024-11-15 15:30:00,SafetyAgent,Adjusted commands to respect safety margins
2024-11-15 15:30:00,PlannerAgent,Optimized outflow 1400.0 m³/h with horizon 24
2024-11-15 15:30:00,ForecastAgent,"Projected inflow avg 1154.4 m³/h, price avg 7.33 €/kWh"
2024-11-15 15:45:00,ForecastAgent,"Projected inflow avg 1148.3 m³/h, price avg 7.67 €/kWh"
2024-11-15 15:45:00,PlannerAgent,Optimized outflow 1400.0 m³/h with horizon 24
2024-11-15 15:45:00,SafetyAgent,Adjusted commands to respect safety margins
2024-11-15 16:00:00,ForecastAgent,"Projected inflow avg 1148.2 m³/h, price avg 7.77 €/kWh"
2024-11-15 16:00:00,PlannerAgent,Optimized outflow 1400.0 m³/h with horizon 24
2024-11-15 16:00:00,SafetyAgent,Adjusted commands to respect safety margins
2024-11-15 16:15:00,SafetyAgent,Adjusted commands to respect safety margins
2024-11-15 16:15:00,PlannerAgent,Optimized outflow 1400.0 m³/h with horizon 24
2024-11-15 16:15:00,ForecastAgent,"Projected inflow avg 1153.6 m³/h, price avg 7.87 €/kWh"
2024-11-15 16:30:00,ForecastAgent,"Projected inflow avg 1160.0 m³/h, price avg 7.96 €/kWh"
2024-11-15 16:30:00,PlannerAgent,Optimized outflow 1400.0 m³/h with horizon 24
2024-11-15 16:30:00,SafetyAgent,Adjusted commands to respect safety margins
2024-11-15 16:45:00,ForecastAgent,"Projected inflow avg 1167.6 m³/h, price avg 8.06 €/kWh"
2024-11-15 16:45:00,PlannerAgent,Optimized outflow 1400.0 m³/h with horizon 24
2024-11-15 16:45:00,SafetyAgent,Adjusted commands to respect safety margins
2024-11-15 17:00:00,SafetyAgent,Adjusted commands to respect safety margins
2024-11-15 17:00:00,PlannerAgent,Optimized outflow 1400.0 m³/h with horizon 24
2024-11-15 17:00:00,ForecastAgent,"Projected inflow avg 1176.3 m³/h, price avg 8.06 €/kWh"
2024-11-15 17:15:00,ForecastAgent,"Projected inflow avg 1184.7 m³/h, price avg 8.06 €/kWh"
2024-11-15 17:15:00,PlannerAgent,Optimized outflow 1400.0 m³/h with horizon 24
2024-11-15 17:15:00,SafetyAgent,Adjusted commands to respect safety margins
2024-11-15 17:30:00,ForecastAgent,"Projected inflow avg 1192.9 m³/h, price avg 8.06 €/kWh"
2024-11-15 17:30:00,PlannerAgent,Optimized outflow 1400.0 m³/h with horizon 24
2024-11-15 17:30:00,SafetyAgent,Adjusted commands to respect safety margins
2024-11-15 17:45:00,SafetyAgent,Adjusted commands to respect safety margins
2024-11-15 17:45:00,ForecastAgent,"Projected inflow avg 1201.7 m³/h, price avg 8.07 €/kWh"
2024-11-15 17:45:00,PlannerAgent,Optimized outflow 1400.0 m³/h with horizon 24
2024-11-15 18:00:00,ForecastAgent,"Projected inflow avg 1209.1 m³/h, price avg 7.89 €/kWh"
2024-11-15 18:00:00,PlannerAgent,Optimized outflow 1400.0 m³/h with horizon 24
2024-11-15 18:00:00,SafetyAgent,Adjusted commands to respect safety margins
2024-11-15 18:15:00,ForecastAgent,"Projected inflow avg 1215.9 m³/h, price avg 7.70 €/kWh"
2024-11-15 18:15:00,PlannerAgent,Optimized outflow 1400.0 m³/h with horizon 24
2024-11-15 18:15:00,SafetyAgent,Adjusted commands to respect safety margins
2024-11-15 18:30:00,SafetyAgent,Adjusted commands to respect safety margins
2024-11-15 18:30:00,PlannerAgent,Optimized outflow 1400.0 m³/h with horizon 24
2024-11-15 18:30:00,ForecastAgent,"Projected inflow avg 1222.5 m³/h, price avg 7.52 €/kWh"
2024-11-15 18:45:00,ForecastAgent,"Projected inflow avg 1227.0 m³/h, price avg 7.34 €/kWh"
2024-11-15 18:45:00,PlannerAgent,Optimized outflow 1400.0 m³/h with horizon 24
2024-11-15 18:45:00,SafetyAgent,Adjusted commands to respect safety margins
2024-11-15 19:00:00,ForecastAgent,"Projected inflow avg 1230.0 m³/h, price avg 6.79 €/kWh"
2024-11-15 19:00:00,PlannerAgent,Optimized outflow 1400.0 m³/h with horizon 24
2024-11-15 19:00:00,SafetyAgent,Adjusted commands to respect safety margins
2024-11-15 19:15:00,SafetyAgent,Adjusted commands to respect safety margins
2024-11-15 19:15:00,PlannerAgent,Optimized outflow 1400.0 m³/h with horizon 24
2024-11-15 19:15:00,ForecastAgent,"Projected inflow avg 1232.6 m³/h, price avg 6.24 €/kWh"
2024-11-15 19:30:00,ForecastAgent,"Projected inflow avg 1234.6 m³/h, price avg 5.69 €/kWh"
2024-11-15 19:30:00,PlannerAgent,Optimized outflow 1400.0 m³/h with horizon 24
2024-11-15 19:30:00,SafetyAgent,Adjusted commands to respect safety margins
2024-11-15 19:45:00,ForecastAgent,"Projected inflow avg 1233.8 m³/h, price avg 5.14 €/kWh"
2024-11-15 19:45:00,PlannerAgent,Optimized outflow 1400.0 m³/h with horizon 24
2024-11-15 19:45:00,SafetyAgent,Adjusted commands to respect safety margins
2024-11-15 20:00:00,SafetyAgent,Adjusted commands to respect safety margins
2024-11-15 20:00:00,PlannerAgent,Optimized outflow 1400.0 m³/h with horizon 24
2024-11-15 20:00:00,ForecastAgent,"Projected inflow avg 1231.9 m³/h, price avg 4.43 €/kWh"
2024-11-15 20:15:00,ForecastAgent,"Projected inflow avg 1229.8 m³/h, price avg 3.72 €/kWh"
2024-11-15 20:15:00,PlannerAgent,Optimized outflow 1400.0 m³/h with horizon 24
2024-11-15 20:15:00,SafetyAgent,Adjusted commands to respect safety margins
2024-11-15 20:30:00,ForecastAgent,"Projected inflow avg 1226.9 m³/h, price avg 3.01 €/kWh"
2024-11-15 20:30:00,PlannerAgent,Optimized outflow 1400.0 m³/h with horizon 24
2024-11-15 20:30:00,SafetyAgent,Adjusted commands to respect safety margins
2024-11-15 20:45:00,SafetyAgent,Adjusted commands to respect safety margins
2024-11-15 20:45:00,ForecastAgent,"Projected inflow avg 1220.6 m³/h, price avg 2.30 €/kWh"
2024-11-15 20:45:00,PlannerAgent,Optimized outflow 1400.0 m³/h with horizon 24
2024-11-15 21:00:00,ForecastAgent,"Projected inflow avg 1211.9 m³/h, price avg 1.95 €/kWh"
2024-11-15 21:00:00,PlannerAgent,Optimized outflow 1400.0 m³/h with horizon 24
2024-11-15 21:00:00,SafetyAgent,Adjusted commands to respect safety margins
2024-11-15 21:15:00,ForecastAgent,"Projected inflow avg 1202.7 m³/h, price avg 1.60 €/kWh"
2024-11-15 21:15:00,PlannerAgent,Optimized outflow 1400.0 m³/h with horizon 24
2024-11-15 21:15:00,SafetyAgent,Adjusted commands to respect safety margins
2024-11-15 21:30:00,ForecastAgent,"Projected inflow avg 1192.6 m³/h, price avg 1.25 €/kWh"
2024-11-15 21:30:00,PlannerAgent,Optimized outflow 1400.0 m³/h with horizon 24
2024-11-15 21:30:00,SafetyAgent,Adjusted commands to respect safety margins
2024-11-15 21:45:00,ForecastAgent,"Projected inflow avg 1180.4 m³/h, price avg 0.90 €/kWh"
2024-11-15 21:45:00,PlannerAgent,Optimized outflow 1400.0 m³/h with horizon 24
2024-11-15 21:45:00,SafetyAgent,Adjusted commands to respect safety margins
2024-11-15 22:00:00,SafetyAgent,Adjusted commands to respect safety margins
2024-11-15 22:00:00,ForecastAgent,"Projected inflow avg 1165.4 m³/h, price avg 0.78 €/kWh"
2024-11-15 22:00:00,PlannerAgent,Optimized outflow 1400.0 m³/h with horizon 24
2024-11-15 22:15:00,ForecastAgent,"Projected inflow avg 1147.2 m³/h, price avg 0.66 €/kWh"
2024-11-15 22:15:00,PlannerAgent,Optimized outflow 1400.0 m³/h with horizon 24
2024-11-15 22:15:00,SafetyAgent,Adjusted commands to respect safety margins
2024-11-15 22:30:00,ForecastAgent,"Projected inflow avg 1125.2 m³/h, price avg 0.54 €/kWh"
2024-11-15 22:30:00,PlannerAgent,Optimized outflow 1400.0 m³/h with horizon 24
2024-11-15 22:30:00,SafetyAgent,Adjusted commands to respect safety margins
2024-11-15 22:45:00,ForecastAgent,"Projected inflow avg 1101.4 m³/h, price avg 0.42 €/kWh"
2024-11-15 22:45:00,PlannerAgent,Optimized outflow 1400.0 m³/h with horizon 24
2024-11-15 22:45:00,SafetyAgent,Adjusted commands to respect safety margins
2024-11-15 23:00:00,PlannerAgent,Optimized outflow 1400.0 m³/h with horizon 24
2024-11-15 23:00:00,ForecastAgent,"Projected inflow avg 1075.5 m³/h, price avg 0.40 €/kWh"
2024-11-15 23:00:00,SafetyAgent,Adjusted commands to respect safety margins
2024-11-15 23:15:00,PlannerAgent,Optimized outflow 1400.0 m³/h with horizon 24
2024-11-15 23:15:00,ForecastAgent,"Projected inflow avg 1047.7 m³/h, price avg 0.37 €/kWh"
2024-11-15 23:15:00,SafetyAgent,Adjusted commands to respect safety margins
2024-11-15 23:30:00,PlannerAgent,Optimized outflow 1400.0 m³/h with horizon 24
2024-11-15 23:30:00,ForecastAgent,"Projected inflow avg 1018.8 m³/h, price avg 0.35 €/kWh"
2024-11-15 23:30:00,SafetyAgent,Adjusted commands to respect safety margins
2024-11-15 23:45:00,PlannerAgent,Optimized outflow 1400.0 m³/h with horizon 24
2024-11-15 23:45:00,ForecastAgent,"Projected inflow avg 989.3 m³/h, price avg 0.32 €/kWh"
2024-11-15 23:45:00,SafetyAgent,Adjusted commands to respect safety margins
